{"pos_x":24.5,"pos_Y":226.13344,"scale":40.215996,"yaw_offset":53.0}